Workbook

Sheet Lotes
C5: VACINA | D5: LOTE | E5: LABORATÓRIO
C6: ACWY | D6: FK8724 | E6: COMINARTY PFIZER
C7: BCG
C8: DT | D8: 233110128 | E8: SERUM INDIA
C9: DTP | D9: 002822003A | E9: BIOFARMA
C10: DTPA | D10: 220335 | E10: BUTANTAN
C11: FEBRE AMARELA | D11: 209VFA068Z | E11: BIOMANGUINHOS
C12: HEPATITE A | D12: 220164 | E12: MERCK SHARP DOHME
C13: HEPATITE B | D13: WY22506 | E13: BUTANTAN
C14: HPV | D14: 220164 | E14: MERCK SHARP DOHME
C15: INFLUENZA | D15: 230168 | E15: BUTANTAN
C16: MENINGITE C | D16: AMCB69AA | E16: GSK VACCINES
C17: PENTA | D17: E5V010083 | E17: SERUM INDIA
C18: PNEUMO 10 | D18: 210VP0011A | E18: BIOMANGUINHOS
C19: PNEUMO 23
C20: ROTAVIRUS | D20: 226VRT034Z | E20: BIOMANGUINHOS
C21: TETRA VIRAL
C22: TV | D22: 22PVVA013Z | E22: BIOMANGUINHOS
C23: VARICELA | D23: V032703 | E23: MERCK SHARP DOHME
C24: VIP | D24: V3G92 | E24: BIOMANGUINHOS
C25: VOP | D25: 1802P130 | E25: SERUM INDIA

Sheet Calendário 2023
A1: CALENDÁRIO DE VACINAÇÃO – DISTRITO FEDERAL 2023
A2: IDADE | B2: VACINA | C2: LOTE
A3: Ao nascer | B3: BCG1 | C3: =IF(Lotes!D7="","",Lotes!D7)
B4: Hepatite B | C4: =IF(Lotes!D13="","",Lotes!D13)&Lotes!E6 -> WY22506COMINARTY PFIZER
A5: 2 meses | B5: Penta (DTP/Hib/Hepatite B)3 | C5: =IF(Lotes!D17="","",Lotes!D17) -> E5V010083
B6: Vacina Inativada Poliomielite (VIP)4 | C6: =IF(Lotes!D24="","",Lotes!D24)&Lotes!E6 -> V3G92COMINARTY PFIZER
B7: Vacina Oral Rotavírus Humano (VORH)5 | C7: =IF(Lotes!D20="","",Lotes!D20) -> 226VRT034Z
B8: Pneumocócica 10 valente6 | C8: =IF(Lotes!D18="","",Lotes!D18) -> 210VP0011A
A9: 3 meses | B9: Meningocócica C7 | C9: =IF(Lotes!D16="","",Lotes!D16) -> AMCB69AA
A10: 4 meses | B10: Penta (DTP/Hib/Hepatite B) | C10: =IF(Lotes!D17="","",Lotes!D17) -> E5V010083
B11: Vacina Inativada Poliomielite (VIP) | C11: =IF(Lotes!D24="","",Lotes!D24) -> V3G92
B12: Vacina Oral Rotavírus Humano (VORH) | C12: =IF(Lotes!D20="","",Lotes!D20) -> 226VRT034Z
B13: Pneumocócica 10 valente | C13: =IF(Lotes!D18="","",Lotes!D18) -> 210VP0011A
A14: 5 meses | B14: Meningocócica C | C14: =IF(Lotes!D16="","",Lotes!D16) -> AMCB69AA
A15: 6 meses | B15: Penta (DTP/Hib/Hepatite B) | C15: =IF(Lotes!D17="","",Lotes!D17) -> E5V010083
B16: Vacina Inativada Poliomielite (VIP) | C16: =IF(Lotes!D24="","",Lotes!D24) -> V3G92
A17: 9 meses | B17: Febre amarela8 | C17: =IF(Lotes!D11="","",Lotes!D11) -> 209VFA068Z
A18: 12 meses | B18: Tríplice Viral (SCR)9 | C18: =IF(Lotes!D22="","",Lotes!D22) -> 22PVVA013Z
B19: Pneumocócica 10 valente (REFORÇO) | C19: =IF(Lotes!D18="","",Lotes!D18) -> 210VP0011A
B20: Meningocócica C (REFORÇO) | C20: =IF(Lotes!D16="","",Lotes!D16) -> AMCB69AA
A21: 15 meses | B21: Tríplice bacteriana (DTP - 1º REFORÇO)3 | C21: =IF(Lotes!D9="","",Lotes!D9) -> 002822003A
B22: Vacina Oral Poliomielite (VOPb - 1º REFORÇO)9 | C22: =IF(Lotes!D25="","",Lotes!D25) -> 1802P130
B23: Tríplice Viral10 | C23: =IF(Lotes!D22="","",Lotes!D22) -> 22PVVA013Z
B24: Varicela¹¹ | C24: =IF(Lotes!D23="","",Lotes!D23) -> V032703
B25: Hepatite A12 | C25: =IF(Lotes!D12="","",Lotes!D12) -> 220164
A26: 4 anos | B26: Tríplice bacteriana (DTP - 2º REFORÇO) | C26: =IF(Lotes!D9="","",Lotes!D9) -> 002822003A
B27: Vacina Oral Poliomielite (VOPb - 2º REFORÇO) | C27: =IF(Lotes!D25="","",Lotes!D25) -> 1802P130
B28: Febre amarela (REFORÇO) | C28: =IF(Lotes!D11="","",Lotes!D11) -> 209VFA068Z
B29: Varicela | C29: =IF(Lotes!D23="","",Lotes!D23) -> V032703
A30: Meninas e Meninos de 9 a 14 anos | B30: HPV13 | C30: =IF(Lotes!D14="","",Lotes!D14) -> 220164
A31: Meninas e Meninos de 11 e 12 anos | B31: Meningocócica ACWY (conjugada) 14 | C31: =IF(Lotes!D6="","",Lotes!D6) -> FK8724
A32: Adolescentes e Adultos | B32: Tríplice viral (SCR) | C32: =IF(Lotes!D22="","",Lotes!D22) -> 22PVVA013Z
B33: Hepatite B | C33: =IF(Lotes!D13="","",Lotes!D13) -> WY22506
B34: Dupla adulto (dT)15 | C34: =IF(Lotes!D8="","",Lotes!D8) -> 233110128
B35: Febre Amarela | C35: =IF(Lotes!D11="","",Lotes!D11) -> 209VFA068Z
A36: Gestante e Puérperas | B36: dTpa¹6 | C36: =IF(Lotes!D10="","",Lotes!D10) -> 220335
B37: Hepatite B | C37: =IF(Lotes!D13="","",Lotes!D13) -> WY22506
A38: 60 anos e mais | B38: Influenza17 | C38: =IF(Lotes!D15="","",Lotes!D15) -> 230168
B39: pneumocócica 23 valente | C39: =IF(Lotes!D19="","",Lotes!D19)
B40: Hepatite B | C40: =IF(Lotes!D13="","",Lotes!D13) -> WY22506
